{
  "class_names": [
    "call",
    "dislike",
    "fist",
    "like",
    "palm",
    "peace",
    "rock"
  ],
  "feature_mean": [
    0.5016295313835144,
    0.6447888016700745,
    -1.8929583234239544e-07,
    0.5006436109542847,
    0.607852578163147,
    -0.024915114045143127,
    0.5001110434532166,
    0.5580145716667175,
    -0.04127267748117447,
    0.49646881222724915,
    0.5167147517204285,
    -0.0568496398627758,
    0.4905945360660553,
    0.4913668632507324,
    -0.06931988894939423,
    0.5034309029579163,
    0.49959155917167664,
    -0.029839100316166878,
    0.5069564580917358,
    0.4602028429508209,
    -0.05525748059153557,
    0.5044300556182861,
    0.44930511713027954,
    -0.06919240951538086,
    0.5006841421127319,
    0.43433231115341187,
    -0.07788936048746109,
    0.5034591555595398,
    0.5025479197502136,
    -0.03345884010195732,
    0.5055825114250183,
    0.46848031878471375,
    -0.05904164910316467,
    0.5032982230186462,
    0.4781269133090973,
    -0.06665364652872086,
    0.5007649064064026,
    0.47715872526168823,
    -0.06941497325897217,
    0.5037115812301636,
    0.5174181461334229,
    -0.04007221758365631,
    0.505124568939209,
    0.49191176891326904,
    -0.06822547316551208,
    0.5046988725662231,
    0.5146645307540894,
    -0.06495396792888641,
    0.5033937096595764,
    0.5253756046295166,
    -0.058286916464567184,
    0.5032415986061096,
    0.5384796261787415,
    -0.048595692962408066,
    0.5046814680099487,
    0.5109435319900513,
    -0.0705588236451149,
    0.5051500797271729,
    0.510273277759552,
    -0.06821314990520477,
    0.5047680139541626,
    0.5043694376945496,
    -0.0627644881606102
  ],
  "feature_std": [
    0.18845558166503906,
    0.19206711649894714,
    1.7142505157607957e-06,
    0.18111710250377655,
    0.1809810996055603,
    0.04073198884725571,
    0.18361936509609222,
    0.17790812253952026,
    0.05876617506146431,
    0.1883869618177414,
    0.18742357194423676,
    0.0739608183503151,
    0.20122361183166504,
    0.20259764790534973,
    0.08757543563842773,
    0.18073377013206482,
    0.16402089595794678,
    0.044156212359666824,
    0.19893650710582733,
    0.16371367871761322,
    0.05884704366326332,
    0.19332754611968994,
    0.1687130331993103,
    0.06896014511585236,
    0.19220632314682007,
    0.17801086604595184,
    0.0753578171133995,
    0.17573441565036774,
    0.1659669429063797,
    0.042998768389225006,
    0.18736791610717773,
    0.1701505333185196,
    0.05835270136594772,
    0.17543092370033264,
    0.1798817217350006,
    0.06814058125019073,
    0.17181073129177094,
    0.19314515590667725,
    0.07190120220184326,
    0.1794366091489792,
    0.1741877645254135,
    0.042865607887506485,
    0.19133701920509338,
    0.1795019656419754,
    0.05756029486656189,
    0.17831234633922577,
    0.18362300097942352,
    0.0631677582859993,
    0.17167510092258453,
    0.19118835031986237,
    0.06313037127256393,
    0.19046247005462646,
    0.1866430640220642,
    0.044821806252002716,
    0.2074359655380249,
    0.19277019798755646,
    0.0555579736828804,
    0.21084603667259216,
    0.19737261533737183,
    0.060244668275117874,
    0.21712425351142883,
    0.2050228714942932,
    0.06385296583175659
  ]
}